resume_text,job_title,match_score
Database administrator 3 years MySQL PostgreSQL Oracle SQL Server performance tuning backup recovery replication clustering indexing query optimization database security,Database Administrator,80.96
HTML CSS basic JavaScript,Lead Backend Developer,23.69
Machine learning engineer 2 years TensorFlow PyTorch Keras scikit-learn deep learning CNN RNN LSTM neural networks computer vision NLP model deployment MLOps Docker Kubernetes Python data preprocessing feature engineering,Machine Learning Engineer,98.0
Entry level computer science graduate,Principal Software Engineer,35.12
Python developer 2 years Django Flask,Machine Learning Engineer,54.1
Intern 6 months testing,QA Lead,38.74
React developer JavaScript,Full Stack Developer,63.34
QA engineer 6 years automation testing Selenium WebDriver Java TestNG Maven Cucumber BDD API testing Postman JIRA agile regression testing test planning,QA Engineer,88.12
Product manager 2 years product roadmap agile scrum user stories market research competitive analysis stakeholder management data-driven decision making SQL A/B testing,Product Manager,75.59
Data analyst with 7 years SQL Excel Tableau Power BI Python pandas matplotlib data visualization statistics business intelligence reporting dashboards KPI metrics data storytelling stakeholder management,Data Analyst,87.76
Data analyst SQL Tableau,Data Scientist,51.07
SQL database basics,Database Administrator,58.24
Intern 6 months testing,QA Lead,45.0
Cloud architect 4 years AWS solutions architect EC2 VPC RDS S3 Lambda API Gateway IAM security cost optimization high availability disaster recovery multi-region CloudFront,Cloud Architect,89.26
Docker Kubernetes basics,DevOps Engineer,66.14
Java Spring Boot basics,Senior Java Developer,53.25
Data engineer 3 years Python Spark Hadoop Hive Kafka Airflow ETL data pipeline AWS Redshift data warehousing big data Snowflake dbt,Data Engineer,89.62
WordPress basic website,Full Stack Developer,20.05
SQL basic queries,Database Administrator,36.83
AI engineer 2 years artificial intelligence machine learning deep learning NLP computer vision TensorFlow PyTorch transformers BERT GPT LLM prompt engineering,AI Engineer,91.3
Android development basics,Senior Android Developer,52.42
Full stack developer 6 years React Node.js JavaScript TypeScript HTML CSS MongoDB Express.js REST API Git responsive design webpack babel npm microservices Docker CI/CD,Full Stack Developer,88.39
Full stack developer 7 years React Node.js JavaScript TypeScript HTML CSS MongoDB Express.js REST API Git responsive design webpack babel npm microservices Docker CI/CD,Full Stack Developer,85.99
Data analyst with 3 years SQL Excel Tableau Power BI Python pandas matplotlib data visualization statistics business intelligence reporting dashboards KPI metrics data storytelling stakeholder management,Data Analyst,89.67
AI engineer 2 years artificial intelligence machine learning deep learning NLP computer vision TensorFlow PyTorch transformers BERT GPT LLM prompt engineering,AI Engineer,91.34
Flutter developer 4 years Dart cross-platform mobile development iOS Android Material Design state management Provider Riverpod Firebase REST API Git CI/CD,Flutter Developer,84.49
Product manager 6 years product roadmap agile scrum user stories market research competitive analysis stakeholder management data-driven decision making SQL A/B testing,Product Manager,84.51
Frontend developer 4 years React Redux JavaScript ES6 HTML5 CSS3 Sass webpack babel responsive design mobile-first UI/UX Figma Git TypeScript hooks performance optimization,Frontend Developer,89.68
Java Spring Boot basics,Senior Java Developer,51.04
Python developer with 2 years experience in machine learning deep learning data science pandas numpy scikit-learn tensorflow pytorch keras neural networks data analysis statistics SQL data visualization matplotlib seaborn,Data Scientist,85.56
Blockchain developer 4 years Solidity Ethereum smart contracts Web3.js DApp development cryptocurrency Bitcoin consensus algorithms distributed systems cryptography,Blockchain Developer,94.57
Data analyst with 5 years SQL Excel Tableau Power BI Python pandas matplotlib data visualization statistics business intelligence reporting dashboards KPI metrics data storytelling stakeholder management,Data Analyst,86.69
Java programming student projects,Senior Java Architect,35.24
Backend developer 2 years Python Django Flask FastAPI PostgreSQL Redis Celery Docker REST API microservices async programming unit testing pytest data structures algorithms,Backend Developer,86.17
SQL database basics,Database Administrator,58.21
Data analyst with 7 years SQL Excel Tableau Power BI Python pandas matplotlib data visualization statistics business intelligence reporting dashboards KPI metrics data storytelling stakeholder management,Data Analyst,89.92
DevOps engineer 6 years AWS EC2 S3 Lambda CloudFormation Docker Kubernetes Jenkins CI/CD Terraform Ansible Linux bash scripting monitoring CloudWatch ECS EKS,DevOps Engineer,89.73
SQL database basics,Database Administrator,52.29
Flutter developer 5 years Dart cross-platform mobile development iOS Android Material Design state management Provider Riverpod Firebase REST API Git CI/CD,Flutter Developer,91.3
React tutorial projects,Senior React Developer,40.5
Python developer with 2 years experience in machine learning deep learning data science pandas numpy scikit-learn tensorflow pytorch keras neural networks data analysis statistics SQL data visualization matplotlib seaborn,Data Scientist,95.02
Data analyst SQL Tableau,Data Scientist,46.23
Python data analysis pandas,Data Engineer,47.88
Python developer 2 years Django Flask,Machine Learning Engineer,52.36
Excel Word PowerPoint,Data Engineer,15.0
WordPress basic website,Full Stack Developer,27.43
Java developer 2 years Spring Boot microservices REST API MySQL PostgreSQL Hibernate JPA Maven Gradle unit testing JUnit Mockito agile scrum Docker Kubernetes,Java Developer,89.61
Android developer 3 years Kotlin Java Android Studio MVVM Retrofit Room SQLite Firebase Google Play material design REST API Git Jetpack Compose coroutines,Android Developer,88.71
AI engineer 7 years artificial intelligence machine learning deep learning NLP computer vision TensorFlow PyTorch transformers BERT GPT LLM prompt engineering,AI Engineer,90.42
Machine learning engineer 6 years TensorFlow PyTorch Keras scikit-learn deep learning CNN RNN LSTM neural networks computer vision NLP model deployment MLOps Docker Kubernetes Python data preprocessing feature engineering,Machine Learning Engineer,98.0
Frontend HTML CSS JavaScript,Full Stack Developer,49.23
QA engineer 2 years automation testing Selenium WebDriver Java TestNG Maven Cucumber BDD API testing Postman JIRA agile regression testing test planning,QA Engineer,88.35
Java developer 6 years Spring Boot microservices REST API MySQL PostgreSQL Hibernate JPA Maven Gradle unit testing JUnit Mockito agile scrum Docker Kubernetes,Java Developer,85.71
Data analyst SQL Tableau,Data Scientist,45.0
Python developer with 5 years experience in machine learning deep learning data science pandas numpy scikit-learn tensorflow pytorch keras neural networks data analysis statistics SQL data visualization matplotlib seaborn,Data Scientist,80.13
Android development basics,Senior Android Developer,48.99
Android development basics,Senior Android Developer,58.55
Entry level computer science graduate,Principal Software Engineer,36.33
Testing manual automation,Senior QA Engineer,64.06
Data analyst with 5 years SQL Excel Tableau Power BI Python pandas matplotlib data visualization statistics business intelligence reporting dashboards KPI metrics data storytelling stakeholder management,Data Analyst,82.5
Database administrator 2 years MySQL PostgreSQL Oracle SQL Server performance tuning backup recovery replication clustering indexing query optimization database security,Database Administrator,81.1
HTML CSS basic JavaScript,Lead Backend Developer,22.01
Cybersecurity analyst 5 years network security penetration testing ethical hacking vulnerability assessment firewall IDS IPS SIEM incident response security audit CISSP CEH,Security Analyst,88.96
iOS developer 4 years Swift Objective-C Xcode UIKit SwiftUI Core Data Alamofire REST API App Store TestFlight Git CocoaPods SPM MVVM design patterns,iOS Developer,87.44
AI engineer 7 years artificial intelligence machine learning deep learning NLP computer vision TensorFlow PyTorch transformers BERT GPT LLM prompt engineering,AI Engineer,95.24
Python Django tutorial,Senior Backend Engineer,37.93
Python data analysis pandas,Data Engineer,65.76
Testing manual automation,Senior QA Engineer,58.96
Frontend HTML CSS JavaScript,Full Stack Developer,64.87
Java Spring Boot basics,Senior Java Developer,60.62
Excel Word PowerPoint,Data Engineer,15.0
Blockchain developer 4 years Solidity Ethereum smart contracts Web3.js DApp development cryptocurrency Bitcoin consensus algorithms distributed systems cryptography,Blockchain Developer,85.3
Backend developer 5 years Python Django Flask FastAPI PostgreSQL Redis Celery Docker REST API microservices async programming unit testing pytest data structures algorithms,Backend Developer,88.04
SQL basic queries,Database Administrator,31.19
Machine learning engineer 6 years TensorFlow PyTorch Keras scikit-learn deep learning CNN RNN LSTM neural networks computer vision NLP model deployment MLOps Docker Kubernetes Python data preprocessing feature engineering,Machine Learning Engineer,87.45
Java developer 3 years Spring Boot microservices REST API MySQL PostgreSQL Hibernate JPA Maven Gradle unit testing JUnit Mockito agile scrum Docker Kubernetes,Java Developer,97.03
iOS developer 5 years Swift Objective-C Xcode UIKit SwiftUI Core Data Alamofire REST API App Store TestFlight Git CocoaPods SPM MVVM design patterns,iOS Developer,91.11
Backend developer 2 years Python Django Flask FastAPI PostgreSQL Redis Celery Docker REST API microservices async programming unit testing pytest data structures algorithms,Backend Developer,86.25
Frontend developer 7 years React Redux JavaScript ES6 HTML5 CSS3 Sass webpack babel responsive design mobile-first UI/UX Figma Git TypeScript hooks performance optimization,Frontend Developer,86.88
React tutorial projects,Senior React Developer,38.94
Docker Kubernetes basics,DevOps Engineer,64.48
Flutter developer 2 years Dart cross-platform mobile development iOS Android Material Design state management Provider Riverpod Firebase REST API Git CI/CD,Flutter Developer,88.83
Python data analysis pandas,Data Engineer,45.2
Entry level computer science graduate,Principal Software Engineer,43.85
Flutter developer 4 years Dart cross-platform mobile development iOS Android Material Design state management Provider Riverpod Firebase REST API Git CI/CD,Flutter Developer,83.58
Docker Kubernetes basics,DevOps Engineer,49.11
iOS developer 3 years Swift Objective-C Xcode UIKit SwiftUI Core Data Alamofire REST API App Store TestFlight Git CocoaPods SPM MVVM design patterns,iOS Developer,90.36
Android developer 6 years Kotlin Java Android Studio MVVM Retrofit Room SQLite Firebase Google Play material design REST API Git Jetpack Compose coroutines,Android Developer,90.78
DevOps engineer 4 years AWS EC2 S3 Lambda CloudFormation Docker Kubernetes Jenkins CI/CD Terraform Ansible Linux bash scripting monitoring CloudWatch ECS EKS,DevOps Engineer,89.42
Python developer 2 years Django Flask,Machine Learning Engineer,60.37
Python data analysis pandas,Data Engineer,66.13
Docker Kubernetes basics,DevOps Engineer,60.13
Cloud architect 6 years AWS solutions architect EC2 VPC RDS S3 Lambda API Gateway IAM security cost optimization high availability disaster recovery multi-region CloudFront,Cloud Architect,95.05
Python developer with 5 years experience in machine learning deep learning data science pandas numpy scikit-learn tensorflow pytorch keras neural networks data analysis statistics SQL data visualization matplotlib seaborn,Data Scientist,89.14
QA engineer 6 years automation testing Selenium WebDriver Java TestNG Maven Cucumber BDD API testing Postman JIRA agile regression testing test planning,QA Engineer,76.04
Frontend developer 3 years React Redux JavaScript ES6 HTML5 CSS3 Sass webpack babel responsive design mobile-first UI/UX Figma Git TypeScript hooks performance optimization,Frontend Developer,93.73
Machine learning engineer 5 years TensorFlow PyTorch Keras scikit-learn deep learning CNN RNN LSTM neural networks computer vision NLP model deployment MLOps Docker Kubernetes Python data preprocessing feature engineering,Machine Learning Engineer,82.09
HTML CSS basic JavaScript,Lead Backend Developer,28.55
Frontend HTML CSS JavaScript,Full Stack Developer,51.82
Intern 6 months testing,QA Lead,33.29
Testing manual automation,Senior QA Engineer,50.23
Excel Word PowerPoint,Data Engineer,21.31
Cybersecurity analyst 3 years network security penetration testing ethical hacking vulnerability assessment firewall IDS IPS SIEM incident response security audit CISSP CEH,Security Analyst,88.2
WordPress basic website,Full Stack Developer,28.17
Python Django tutorial,Senior Backend Engineer,37.45
React developer JavaScript,Full Stack Developer,59.71
Data engineer 3 years Python Spark Hadoop Hive Kafka Airflow ETL data pipeline AWS Redshift data warehousing big data Snowflake dbt,Data Engineer,88.54
Data engineer 2 years Python Spark Hadoop Hive Kafka Airflow ETL data pipeline AWS Redshift data warehousing big data Snowflake dbt,Data Engineer,97.62
iOS developer 2 years Swift Objective-C Xcode UIKit SwiftUI Core Data Alamofire REST API App Store TestFlight Git CocoaPods SPM MVVM design patterns,iOS Developer,95.21
Python developer 2 years Django Flask,Machine Learning Engineer,70.0
Frontend HTML CSS JavaScript,Full Stack Developer,52.16
Frontend developer 4 years React Redux JavaScript ES6 HTML5 CSS3 Sass webpack babel responsive design mobile-first UI/UX Figma Git TypeScript hooks performance optimization,Frontend Developer,79.38
Java programming student projects,Senior Java Architect,39.96
SQL basic queries,Database Administrator,38.75
Cloud architect 5 years AWS solutions architect EC2 VPC RDS S3 Lambda API Gateway IAM security cost optimization high availability disaster recovery multi-region CloudFront,Cloud Architect,88.87
DevOps engineer 5 years AWS EC2 S3 Lambda CloudFormation Docker Kubernetes Jenkins CI/CD Terraform Ansible Linux bash scripting monitoring CloudWatch ECS EKS,DevOps Engineer,98.0
Android development basics,Senior Android Developer,57.66
DevOps engineer 4 years AWS EC2 S3 Lambda CloudFormation Docker Kubernetes Jenkins CI/CD Terraform Ansible Linux bash scripting monitoring CloudWatch ECS EKS,DevOps Engineer,93.09
Cybersecurity analyst 3 years network security penetration testing ethical hacking vulnerability assessment firewall IDS IPS SIEM incident response security audit CISSP CEH,Security Analyst,90.01
Product manager 6 years product roadmap agile scrum user stories market research competitive analysis stakeholder management data-driven decision making SQL A/B testing,Product Manager,76.65
Python beginner learning online courses,Senior Machine Learning Engineer,17.16
Frontend developer 5 years React Redux JavaScript ES6 HTML5 CSS3 Sass webpack babel responsive design mobile-first UI/UX Figma Git TypeScript hooks performance optimization,Frontend Developer,91.02
React developer JavaScript,Full Stack Developer,61.09
Full stack developer 4 years React Node.js JavaScript TypeScript HTML CSS MongoDB Express.js REST API Git responsive design webpack babel npm microservices Docker CI/CD,Full Stack Developer,81.09
Java programming student projects,Senior Java Architect,29.0
DevOps engineer 3 years AWS EC2 S3 Lambda CloudFormation Docker Kubernetes Jenkins CI/CD Terraform Ansible Linux bash scripting monitoring CloudWatch ECS EKS,DevOps Engineer,88.58
Cloud architect 2 years AWS solutions architect EC2 VPC RDS S3 Lambda API Gateway IAM security cost optimization high availability disaster recovery multi-region CloudFront,Cloud Architect,94.36
Backend developer 7 years Python Django Flask FastAPI PostgreSQL Redis Celery Docker REST API microservices async programming unit testing pytest data structures algorithms,Backend Developer,86.24
Python developer with 4 years experience in machine learning deep learning data science pandas numpy scikit-learn tensorflow pytorch keras neural networks data analysis statistics SQL data visualization matplotlib seaborn,Data Scientist,95.63
Full stack developer 5 years React Node.js JavaScript TypeScript HTML CSS MongoDB Express.js REST API Git responsive design webpack babel npm microservices Docker CI/CD,Full Stack Developer,83.55
Python beginner learning online courses,Senior Machine Learning Engineer,15.0
Database administrator 5 years MySQL PostgreSQL Oracle SQL Server performance tuning backup recovery replication clustering indexing query optimization database security,Database Administrator,90.69
Testing manual automation,Senior QA Engineer,57.68
Machine learning engineer 7 years TensorFlow PyTorch Keras scikit-learn deep learning CNN RNN LSTM neural networks computer vision NLP model deployment MLOps Docker Kubernetes Python data preprocessing feature engineering,Machine Learning Engineer,84.48
Data analyst SQL Tableau,Data Scientist,54.71
Android developer 6 years Kotlin Java Android Studio MVVM Retrofit Room SQLite Firebase Google Play material design REST API Git Jetpack Compose coroutines,Android Developer,87.55
Java developer 2 years Spring Boot microservices REST API MySQL PostgreSQL Hibernate JPA Maven Gradle unit testing JUnit Mockito agile scrum Docker Kubernetes,Java Developer,85.29
Python beginner learning online courses,Senior Machine Learning Engineer,27.06
React developer JavaScript,Full Stack Developer,70.0
Python Django tutorial,Senior Backend Engineer,44.07
Data engineer 4 years Python Spark Hadoop Hive Kafka Airflow ETL data pipeline AWS Redshift data warehousing big data Snowflake dbt,Data Engineer,97.46
React tutorial projects,Senior React Developer,30.26
Java Spring Boot basics,Senior Java Developer,61.04
QA engineer 5 years automation testing Selenium WebDriver Java TestNG Maven Cucumber BDD API testing Postman JIRA agile regression testing test planning,QA Engineer,75.38
Java developer 2 years Spring Boot microservices REST API MySQL PostgreSQL Hibernate JPA Maven Gradle unit testing JUnit Mockito agile scrum Docker Kubernetes,Java Developer,92.66
Android developer 6 years Kotlin Java Android Studio MVVM Retrofit Room SQLite Firebase Google Play material design REST API Git Jetpack Compose coroutines,Android Developer,86.48
Full stack developer 6 years React Node.js JavaScript TypeScript HTML CSS MongoDB Express.js REST API Git responsive design webpack babel npm microservices Docker CI/CD,Full Stack Developer,90.87
SQL database basics,Database Administrator,47.96
Blockchain developer 3 years Solidity Ethereum smart contracts Web3.js DApp development cryptocurrency Bitcoin consensus algorithms distributed systems cryptography,Blockchain Developer,83.31
Backend developer 4 years Python Django Flask FastAPI PostgreSQL Redis Celery Docker REST API microservices async programming unit testing pytest data structures algorithms,Backend Developer,82.76
"QA Engineer with 5 years experience in JMeter, Automation, Testing, Java, django, gcp.",QA Engineer,92.0
"Java Developer with 3 years experience in Microservices, Spring Boot, Hibernate, node.js, dynamodb.",Java Developer,89.5
"Frontend Developer with 6 years experience in HTML, React, Redux, CSS, css, junit.",Frontend Developer,95.0
"DevOps Engineer with 4 years experience in Kubernetes, Linux, CI/CD, AWS, serverless, postgresql.",DevOps Engineer,95.0
"Looking for jobs. Skills: AWS, Linux, Kubernetes. 4 years experience.",Frontend Developer,26.0
"Looking for jobs. Skills: JavaScript, React, CSS. 4 years experience.",Python Developer,30.0
"Python Developer with 8 years experience in Python, SQL, Flask, Django, matplotlib, tensorflow.",Python Developer,93.0
"Mobile Developer with 5 years experience in Firebase, Flutter, Mobile, data analysis, deep learning.",Mobile Developer,97.5
"Looking for jobs. Skills: Firebase, Dart, Flutter. 1 years experience.",Java Developer,10.0
"Java Developer with 0 years experience in Spring Boot, Java, Microservices, xamarin, communication.",Java Developer,77.5
"Looking for jobs. Skills: TensorFlow, NumPy, Pandas. 9 years experience.",Mobile Developer,38.0
"Looking for jobs. Skills: React, Redux, HTML. 10 years experience.",Mobile Developer,21.0
"DevOps Engineer with 9 years experience in AWS, Docker, Kubernetes, CI/CD, kotlin, c#.",DevOps Engineer,95.0
"Java Developer with 8 years experience in Microservices, Hibernate, Spring Boot, grafana, fastapi.",Java Developer,97.5
"DevOps Engineer with 7 years experience in CI/CD, Kubernetes, Linux, Docker, assembly, git.",DevOps Engineer,98.0
"Data Scientist with 0 years experience in Python, NumPy, TensorFlow, Pandas, golang, bdd.",Data Scientist,88.0
"Looking for jobs. Skills: Machine Learning, Python, NumPy. 8 years experience.",QA Engineer,39.0
"QA Engineer with 10 years experience in JMeter, Selenium, Testing, Java, ec2, microservices.",QA Engineer,91.0
"Python Developer with 7 years experience in REST API, Django, Flask, SQL, ui/ux, github.",Python Developer,95.0
"Looking for jobs. Skills: Python, TensorFlow, NumPy. 1 years experience.",Frontend Developer,11.0
"Data Scientist with 0 years experience in Pandas, Machine Learning, Python, TensorFlow, mysql, tdd.",Data Scientist,89.0
"Looking for jobs. Skills: Django, SQL, Python. 6 years experience.",Frontend Developer,22.0
"Data Scientist with 8 years experience in Python, NumPy, Machine Learning, Pandas, numpy, communication.",Data Scientist,92.0
"Python Developer with 2 years experience in SQL, REST API, Python, Django, rnn, sqlite.",Python Developer,93.0
"Python Developer with 10 years experience in Python, Django, SQL, REST API, ionic, rnn.",Python Developer,92.0
"DevOps Engineer with 8 years experience in AWS, CI/CD, Docker, Kubernetes, fastapi, react native.",DevOps Engineer,90.0
"Data Scientist with 10 years experience in NumPy, Machine Learning, TensorFlow, Pandas, mongodb, azure.",Data Scientist,89.0
"DevOps Engineer with 10 years experience in Docker, AWS, Kubernetes, CI/CD, laravel, c#.",DevOps Engineer,89.0
"Looking for jobs. Skills: AWS, CI/CD, Linux. 4 years experience.",QA Engineer,33.0
"Data Scientist with 4 years experience in NumPy, TensorFlow, Python, Machine Learning, flask, neural networks.",Data Scientist,87.0
"Looking for jobs. Skills: Microservices, Hibernate, Java. 0 years experience.",DevOps Engineer,10.0
"Looking for jobs. Skills: Spring Boot, Hibernate, Java. 6 years experience.",Data Scientist,36.0
"Python Developer with 8 years experience in Flask, Python, Django, REST API, laravel, java.",Python Developer,97.0
"Looking for jobs. Skills: AWS, Linux, Docker. 9 years experience.",Python Developer,37.0
"Java Developer with 2 years experience in Hibernate, Java, Spring Boot, ios, cloudformation.",Java Developer,87.5
"DevOps Engineer with 7 years experience in Kubernetes, AWS, CI/CD, Docker, ruby, python.",DevOps Engineer,96.0
"Frontend Developer with 2 years experience in HTML, CSS, React, Redux, android, swagger.",Frontend Developer,93.0
"Mobile Developer with 4 years experience in Firebase, Flutter, Dart, lambda, serverless.",Mobile Developer,85.5
"Frontend Developer with 6 years experience in HTML, JavaScript, CSS, React, numpy, android.",Frontend Developer,91.0
"Looking for jobs. Skills: Automation, Java, Selenium. 0 years experience.",Python Developer,11.0
"Looking for jobs. Skills: Selenium, Java, JMeter. 5 years experience.",DevOps Engineer,26.0
"QA Engineer with 0 years experience in Testing, Automation, Java, JMeter, xamarin, jenkins.",QA Engineer,79.0
"Mobile Developer with 10 years experience in Firebase, Mobile, Dart, cypress, serverless.",Mobile Developer,87.5
"Python Developer with 4 years experience in REST API, Django, SQL, Flask, opencv, project management.",Python Developer,91.0
"Looking for jobs. Skills: Java, JMeter, Automation. 2 years experience.",Data Scientist,19.0
"Python Developer with 6 years experience in Python, Flask, Django, REST API, seaborn, pytest.",Python Developer,97.0
"Looking for jobs. Skills: Pandas, Python, Machine Learning. 10 years experience.",Python Developer,12.0
"Looking for jobs. Skills: Machine Learning, NumPy, Pandas. 9 years experience.",Python Developer,19.0
"QA Engineer with 3 years experience in Testing, JMeter, Selenium, Java, linux, ios.",QA Engineer,93.0
"Looking for jobs. Skills: JMeter, Java, Automation. 5 years experience.",DevOps Engineer,35.0
"DevOps Engineer with 5 years experience in Linux, AWS, Kubernetes, Docker, pytorch, redis.",DevOps Engineer,97.0
"Mobile Developer with 10 years experience in Firebase, Dart, Mobile, azure, node.js.",Mobile Developer,97.5
"Mobile Developer with 8 years experience in Flutter, Mobile, Dart, tailwind, flutter.",Mobile Developer,88.5
"DevOps Engineer with 1 years experience in CI/CD, Kubernetes, Linux, Docker, numpy, css.",DevOps Engineer,90.0
"Data Scientist with 0 years experience in TensorFlow, Machine Learning, Python, Pandas, manual testing, prometheus.",Data Scientist,86.0
"Looking for jobs. Skills: Firebase, Flutter, Mobile. 7 years experience.",Java Developer,26.0
"Looking for jobs. Skills: Django, SQL, Flask. 5 years experience.",Java Developer,21.0
"QA Engineer with 10 years experience in Selenium, JMeter, Testing, Automation, terraform, r programming.",QA Engineer,95.0
"DevOps Engineer with 4 years experience in Linux, AWS, Docker, Kubernetes, typescript, kotlin.",DevOps Engineer,91.0
"Mobile Developer with 3 years experience in Firebase, Flutter, Dart, python, jira.",Mobile Developer,88.5
"Mobile Developer with 10 years experience in Flutter, Mobile, Firebase, next.js, nlp.",Mobile Developer,93.5
"Data Scientist with 8 years experience in Pandas, Python, TensorFlow, Machine Learning, rest api, gcp.",Data Scientist,95.0
"Looking for jobs. Skills: Docker, AWS, CI/CD. 10 years experience.",Mobile Developer,14.0
"Mobile Developer with 9 years experience in Dart, Mobile, Firebase, opencv, angular.",Mobile Developer,89.5
"Frontend Developer with 6 years experience in JavaScript, HTML, Redux, React, vscode, html.",Frontend Developer,89.0
"Data Scientist with 2 years experience in NumPy, Python, Machine Learning, Pandas, keras, spring boot.",Data Scientist,86.0
"DevOps Engineer with 2 years experience in CI/CD, AWS, Docker, Linux, vim, keras.",DevOps Engineer,83.0
"QA Engineer with 1 years experience in Java, JMeter, Automation, Testing, next.js, keras.",QA Engineer,86.0
"Mobile Developer with 10 years experience in Flutter, Mobile, Firebase, bert, testing.",Mobile Developer,93.5
"Frontend Developer with 5 years experience in Redux, JavaScript, React, CSS, grafana, node.js.",Frontend Developer,98.0
"Looking for jobs. Skills: Spring Boot, Java, Microservices. 8 years experience.",Python Developer,11.0
"Mobile Developer with 6 years experience in Mobile, Flutter, Dart, go, nuxt.",Mobile Developer,97.5
"Java Developer with 5 years experience in Spring Boot, Hibernate, Java, go, redux.",Java Developer,97.5
"Looking for jobs. Skills: Mobile, Dart, Firebase. 4 years experience.",Data Scientist,34.0
"QA Engineer with 4 years experience in JMeter, Java, Automation, Selenium, next.js, flutter.",QA Engineer,93.0
"Data Scientist with 0 years experience in Python, NumPy, TensorFlow, Pandas, jenkins, ansible.",Data Scientist,81.0
"Python Developer with 6 years experience in Django, Flask, REST API, SQL, graphql, swagger.",Python Developer,98.0
"Looking for jobs. Skills: Kubernetes, Docker, Linux. 10 years experience.",Python Developer,28.0
"Looking for jobs. Skills: Python, REST API, SQL. 6 years experience.",Java Developer,26.0
"Python Developer with 4 years experience in SQL, Python, REST API, Django, ansible, babel.",Python Developer,90.0
"Looking for jobs. Skills: REST API, SQL, Flask. 5 years experience.",DevOps Engineer,30.0
"QA Engineer with 10 years experience in Testing, Automation, Java, JMeter, s3, canva.",QA Engineer,98.0
"Data Scientist with 4 years experience in TensorFlow, Python, Machine Learning, NumPy, lambda, gcp.",Data Scientist,87.0
"Data Scientist with 2 years experience in Python, Machine Learning, Pandas, NumPy, react, lstm.",Data Scientist,85.0
"QA Engineer with 5 years experience in Automation, JMeter, Selenium, Java, jest, ec2.",QA Engineer,95.0
"Python Developer with 9 years experience in Flask, Django, Python, REST API, golang, grafana.",Python Developer,94.0
"Data Scientist with 8 years experience in NumPy, Machine Learning, Pandas, Python, leadership, pytorch.",Data Scientist,94.0
"Looking for jobs. Skills: Microservices, Spring Boot, Hibernate. 6 years experience.",Data Scientist,31.0
"Frontend Developer with 9 years experience in React, Redux, CSS, HTML, css3, nlp.",Frontend Developer,98.0
"Frontend Developer with 4 years experience in JavaScript, CSS, Redux, React, data science, github.",Frontend Developer,94.0
"Python Developer with 5 years experience in REST API, Python, SQL, Django, serverless, rust.",Python Developer,98.0
"Frontend Developer with 8 years experience in Redux, React, JavaScript, CSS, tensorflow, r programming.",Frontend Developer,95.0
"Mobile Developer with 10 years experience in Firebase, Flutter, Mobile, javascript, django.",Mobile Developer,87.5
"Python Developer with 2 years experience in Python, Flask, REST API, SQL, python, java.",Python Developer,91.0
"Mobile Developer with 6 years experience in Firebase, Mobile, Dart, sqlite, nlp.",Mobile Developer,88.5
"Java Developer with 0 years experience in Microservices, Spring Boot, Hibernate, keras, postman.",Java Developer,79.5
"Python Developer with 6 years experience in SQL, Django, Python, REST API, junit, neo4j.",Python Developer,94.0
"Java Developer with 0 years experience in Java, Microservices, Spring Boot, ansible, cloudformation.",Java Developer,79.5
"Frontend Developer with 5 years experience in Redux, JavaScript, HTML, CSS, swagger, fastapi.",Frontend Developer,91.0
"Python Developer with 8 years experience in REST API, Django, Flask, Python, gitlab, nuxt.",Python Developer,90.0
"Looking for jobs. Skills: Hibernate, Microservices, Spring Boot. 4 years experience.",Data Scientist,23.0
"QA Engineer with 1 years experience in Java, JMeter, Automation, Selenium, photoshop, figma.",QA Engineer,81.0
"Python Developer with 2 years experience in Django, Flask, SQL, Python, scrum, c#.",Python Developer,93.0
"Data Scientist with 1 years experience in NumPy, Python, TensorFlow, Pandas, webpack, communication.",Data Scientist,91.0
"Mobile Developer with 6 years experience in Mobile, Dart, Firebase, agile, redis.",Mobile Developer,89.5
"Python Developer with 3 years experience in REST API, Python, Django, Flask, natural language processing, kotlin.",Python Developer,90.0
"Looking for jobs. Skills: Java, Spring Boot, Hibernate. 8 years experience.",Mobile Developer,29.0
"Looking for jobs. Skills: Java, Testing, Selenium. 2 years experience.",Mobile Developer,24.0
"QA Engineer with 9 years experience in JMeter, Selenium, Java, Testing, vim, nlp.",QA Engineer,94.0
"Looking for jobs. Skills: TensorFlow, Python, NumPy. 0 years experience.",Java Developer,15.0
"QA Engineer with 0 years experience in Automation, Testing, JMeter, Selenium, javascript, fastapi.",QA Engineer,89.0
"Frontend Developer with 1 years experience in HTML, Redux, CSS, JavaScript, ios, vscode.",Frontend Developer,87.0
"Looking for jobs. Skills: Firebase, Flutter, Dart. 7 years experience.",Data Scientist,26.0
"DevOps Engineer with 6 years experience in Linux, Docker, Kubernetes, CI/CD, github, bash.",DevOps Engineer,96.0
"Data Scientist with 2 years experience in Machine Learning, TensorFlow, Python, NumPy, xamarin, natural language processing.",Data Scientist,93.0
"Frontend Developer with 0 years experience in JavaScript, Redux, React, CSS, git, pandas.",Frontend Developer,86.0
"Looking for jobs. Skills: Java, Hibernate, Spring Boot. 10 years experience.",QA Engineer,40.0
"Python Developer with 5 years experience in Python, REST API, SQL, Django, cypress, gcp.",Python Developer,93.0
"Java Developer with 2 years experience in Microservices, Spring Boot, Java, css, scipy.",Java Developer,84.5
"DevOps Engineer with 10 years experience in Linux, Kubernetes, Docker, CI/CD, swagger, kotlin.",DevOps Engineer,96.0
"Looking for jobs. Skills: Redux, JavaScript, React. 8 years experience.",Data Scientist,32.0
"Python Developer with 9 years experience in Python, SQL, Flask, Django, vue, git.",Python Developer,90.0
"Python Developer with 5 years experience in Python, REST API, Django, Flask, laravel, swift.",Python Developer,98.0
"Looking for jobs. Skills: Java, Spring Boot, Hibernate. 8 years experience.",Python Developer,15.0
"Python Developer with 1 years experience in REST API, Django, SQL, Flask, css3, spring boot.",Python Developer,83.0
"Python Developer with 7 years experience in Django, REST API, SQL, Python, neo4j, flutter.",Python Developer,92.0
"DevOps Engineer with 3 years experience in Kubernetes, Linux, AWS, CI/CD, android, microservices.",DevOps Engineer,95.0
"Data Scientist with 7 years experience in NumPy, Machine Learning, Python, TensorFlow, vue.js, typescript.",Data Scientist,90.0
"Looking for jobs. Skills: Flask, Python, Django. 1 years experience.",QA Engineer,24.0
"Looking for jobs. Skills: Microservices, Spring Boot, Hibernate. 6 years experience.",DevOps Engineer,22.0
"Looking for jobs. Skills: Microservices, Hibernate, Spring Boot. 4 years experience.",Mobile Developer,22.0
"Mobile Developer with 0 years experience in Firebase, Dart, Flutter, postgresql, scala.",Mobile Developer,79.5
"Looking for jobs. Skills: Pandas, Python, NumPy. 5 years experience.",Frontend Developer,37.0
"Python Developer with 6 years experience in Django, Python, REST API, Flask, statistics, scikit-learn.",Python Developer,97.0
"Frontend Developer with 9 years experience in React, JavaScript, Redux, HTML, google cloud, c++.",Frontend Developer,98.0
"Looking for jobs. Skills: CI/CD, AWS, Kubernetes. 1 years experience.",Java Developer,19.0
"Python Developer with 4 years experience in Python, Flask, Django, REST API, cypress, babel.",Python Developer,90.0
"QA Engineer with 4 years experience in JMeter, Java, Selenium, Testing, react native, html.",QA Engineer,97.0
"Looking for jobs. Skills: Firebase, Mobile, Flutter. 7 years experience.",Python Developer,39.0
"Data Scientist with 9 years experience in TensorFlow, NumPy, Python, Pandas, c#, deep learning.",Data Scientist,90.0
"DevOps Engineer with 10 years experience in AWS, Docker, CI/CD, Linux, vue, jira.",DevOps Engineer,95.0
"Python Developer with 9 years experience in SQL, REST API, Flask, Python, natural language processing, flask.",Python Developer,89.0
"Frontend Developer with 8 years experience in HTML, CSS, React, JavaScript, asp.net, html.",Frontend Developer,98.0
"Data Scientist with 7 years experience in NumPy, Pandas, TensorFlow, Python, cassandra, c++.",Data Scientist,90.0
"Frontend Developer with 6 years experience in React, Redux, CSS, HTML, scipy, nuxt.",Frontend Developer,92.0
"QA Engineer with 3 years experience in Java, JMeter, Testing, Selenium, prometheus, azure.",QA Engineer,94.0
"Looking for jobs. Skills: Dart, Mobile, Firebase. 1 years experience.",Python Developer,13.0
"Java Developer with 6 years experience in Java, Hibernate, Microservices, pytest, dynamodb.",Java Developer,90.5
"DevOps Engineer with 8 years experience in AWS, Kubernetes, Docker, Linux, data analysis, neural networks.",DevOps Engineer,95.0
"Looking for jobs. Skills: React, HTML, CSS. 6 years experience.",DevOps Engineer,27.0
"Data Scientist with 0 years experience in NumPy, TensorFlow, Machine Learning, Pandas, laravel, ionic.",Data Scientist,83.0
"Looking for jobs. Skills: CSS, HTML, JavaScript. 4 years experience.",Python Developer,40.0
"Looking for jobs. Skills: React, HTML, JavaScript. 10 years experience.",QA Engineer,21.0
"Looking for jobs. Skills: Automation, Selenium, JMeter. 10 years experience.",Data Scientist,23.0
"Mobile Developer with 1 years experience in Mobile, Firebase, Dart, pytorch, swift.",Mobile Developer,88.5
"Looking for jobs. Skills: HTML, CSS, Redux. 7 years experience.",QA Engineer,14.0
"Java Developer with 7 years experience in Microservices, Java, Hibernate, microservices, assembly.",Java Developer,90.5
"Looking for jobs. Skills: Pandas, TensorFlow, Python. 5 years experience.",Mobile Developer,25.0
"Frontend Developer with 10 years experience in HTML, Redux, React, JavaScript, php, css.",Frontend Developer,93.0
"Mobile Developer with 7 years experience in Flutter, Firebase, Mobile, fastapi, project management.",Mobile Developer,88.5
"Looking for jobs. Skills: Flask, Python, REST API. 1 years experience.",Data Scientist,34.0
"DevOps Engineer with 4 years experience in Kubernetes, Docker, AWS, Linux, lstm, next.js.",DevOps Engineer,88.0
"QA Engineer with 3 years experience in Java, JMeter, Automation, Selenium, sqlite, bash.",QA Engineer,85.0
"QA Engineer with 3 years experience in Testing, Selenium, Java, JMeter, postgresql, terraform.",QA Engineer,88.0
"Mobile Developer with 0 years experience in Flutter, Mobile, Dart, assembly, ui/ux.",Mobile Developer,83.5
"QA Engineer with 5 years experience in Java, Automation, JMeter, Selenium, javascript, webpack.",QA Engineer,95.0
"Looking for jobs. Skills: SQL, Django, Flask. 1 years experience.",Data Scientist,35.0
"Data Scientist with 9 years experience in Python, TensorFlow, NumPy, Machine Learning, r programming, communication.",Data Scientist,89.0
"Mobile Developer with 9 years experience in Firebase, Flutter, Mobile, ansible, gitlab.",Mobile Developer,90.5
"QA Engineer with 6 years experience in Selenium, Testing, JMeter, Automation, typescript, redux.",QA Engineer,92.0
"Java Developer with 5 years experience in Hibernate, Java, Spring Boot, terraform, keras.",Java Developer,96.5
"Frontend Developer with 1 years experience in Redux, JavaScript, CSS, HTML, php, statistics.",Frontend Developer,83.0
"QA Engineer with 1 years experience in Selenium, Java, Testing, JMeter, webpack, opencv.",QA Engineer,81.0
"Mobile Developer with 0 years experience in Firebase, Dart, Mobile, spring boot, neo4j.",Mobile Developer,82.5
"Java Developer with 10 years experience in Java, Microservices, Spring Boot, nlp, aws.",Java Developer,95.5
"Frontend Developer with 10 years experience in JavaScript, React, Redux, HTML, machine learning, angular.",Frontend Developer,97.0
"Data Scientist with 8 years experience in Python, TensorFlow, Machine Learning, NumPy, c#, pytorch.",Data Scientist,97.0
"DevOps Engineer with 5 years experience in CI/CD, AWS, Linux, Kubernetes, ios, gitlab.",DevOps Engineer,93.0
"Mobile Developer with 10 years experience in Dart, Flutter, Firebase, jenkins, dynamodb.",Mobile Developer,92.5
"Looking for jobs. Skills: Mobile, Flutter, Dart. 7 years experience.",Python Developer,40.0
"Frontend Developer with 7 years experience in Redux, React, JavaScript, HTML, assembly, swift.",Frontend Developer,91.0
"Data Scientist with 4 years experience in NumPy, TensorFlow, Python, Pandas, linux, statistics.",Data Scientist,87.0
"QA Engineer with 0 years experience in JMeter, Testing, Java, Selenium, scipy, figma.",QA Engineer,82.0
"Java Developer with 10 years experience in Java, Spring Boot, Microservices, node.js, data science.",Java Developer,91.5
"Python Developer with 8 years experience in REST API, Flask, SQL, Python, figma, django.",Python Developer,91.0
"Data Scientist with 9 years experience in NumPy, TensorFlow, Python, Pandas, cypress, webpack.",Data Scientist,91.0
"Mobile Developer with 0 years experience in Firebase, Flutter, Mobile, express, scipy.",Mobile Developer,86.5
"Looking for jobs. Skills: SQL, REST API, Django. 5 years experience.",Frontend Developer,14.0
"Frontend Developer with 6 years experience in HTML, Redux, JavaScript, CSS, kubernetes, google cloud.",Frontend Developer,90.0
"Data Scientist with 0 years experience in Machine Learning, NumPy, Pandas, TensorFlow, android, elasticsearch.",Data Scientist,87.0
"Mobile Developer with 4 years experience in Flutter, Dart, Mobile, gitlab, sqlite.",Mobile Developer,86.5
"Mobile Developer with 3 years experience in Dart, Mobile, Firebase, deep learning, data analysis.",Mobile Developer,90.5
"Data Scientist with 5 years experience in Pandas, TensorFlow, Python, NumPy, postgresql, jenkins.",Data Scientist,90.0
"Java Developer with 5 years experience in Hibernate, Microservices, Java, ionic, assembly.",Java Developer,91.5
"Java Developer with 6 years experience in Microservices, Spring Boot, Java, graphql, manual testing.",Java Developer,96.5
"Looking for jobs. Skills: Docker, CI/CD, AWS. 9 years experience.",Java Developer,14.0
"QA Engineer with 0 years experience in JMeter, Testing, Automation, Java, cypress, java.",QA Engineer,79.0
"Frontend Developer with 10 years experience in Redux, React, CSS, HTML, oracle, swift.",Frontend Developer,97.0
"Mobile Developer with 3 years experience in Firebase, Mobile, Flutter, graphql, s3.",Mobile Developer,91.5
"Frontend Developer with 1 years experience in CSS, React, JavaScript, HTML, flutter, microservices.",Frontend Developer,85.0
"Looking for jobs. Skills: REST API, Flask, Python. 2 years experience.",Mobile Developer,26.0
"Looking for jobs. Skills: Java, Automation, Testing. 9 years experience.",DevOps Engineer,28.0
"DevOps Engineer with 10 years experience in AWS, Kubernetes, Linux, CI/CD, ui/ux, xamarin.",DevOps Engineer,90.0
"Looking for jobs. Skills: Selenium, Java, Testing. 10 years experience.",DevOps Engineer,22.0
"Mobile Developer with 2 years experience in Dart, Firebase, Mobile, statistics, html.",Mobile Developer,84.5
"Looking for jobs. Skills: Flutter, Firebase, Dart. 9 years experience.",Java Developer,18.0
"Java Developer with 3 years experience in Spring Boot, Hibernate, Microservices, serverless, testing.",Java Developer,83.5
"Looking for jobs. Skills: Flask, SQL, Python. 8 years experience.",DevOps Engineer,18.0
"QA Engineer with 0 years experience in JMeter, Automation, Java, Selenium, azure, golang.",QA Engineer,80.0
"Python Developer with 4 years experience in Python, REST API, Django, Flask, data science, ansible.",Python Developer,94.0
"Data Scientist with 4 years experience in Python, Machine Learning, Pandas, TensorFlow, flask, graphql.",Data Scientist,93.0
"Looking for jobs. Skills: CSS, JavaScript, React. 5 years experience.",Data Scientist,24.0
"Looking for jobs. Skills: Microservices, Spring Boot, Hibernate. 0 years experience.",Data Scientist,35.0
"QA Engineer with 5 years experience in Selenium, Java, JMeter, Automation, css, go.",QA Engineer,89.0
"Looking for jobs. Skills: Java, Hibernate, Spring Boot. 4 years experience.",Mobile Developer,38.0
"Mobile Developer with 2 years experience in Dart, Firebase, Flutter, seaborn, statistics.",Mobile Developer,84.5
"Mobile Developer with 3 years experience in Flutter, Firebase, Dart, nuxt, keras.",Mobile Developer,83.5
"Looking for jobs. Skills: Flutter, Dart, Mobile. 7 years experience.",Java Developer,28.0
"Java Developer with 3 years experience in Hibernate, Spring Boot, Java, data science, cloudformation.",Java Developer,90.5
"Python Developer with 0 years experience in Flask, Python, SQL, REST API, html5, azure.",Python Developer,83.0
"Java Developer with 3 years experience in Java, Spring Boot, Microservices, computer vision, gcp.",Java Developer,91.5
"QA Engineer with 5 years experience in Automation, Java, JMeter, Selenium, vue.js, jest.",QA Engineer,92.0
"Looking for jobs. Skills: NumPy, Machine Learning, Pandas. 0 years experience.",Frontend Developer,37.0
"Mobile Developer with 0 years experience in Firebase, Flutter, Mobile, statistics, communication.",Mobile Developer,78.5
"Java Developer with 6 years experience in Spring Boot, Java, Hibernate, matplotlib, java.",Java Developer,91.5
"Looking for jobs. Skills: TensorFlow, Python, Pandas. 2 years experience.",Python Developer,18.0
"Looking for jobs. Skills: JavaScript, HTML, CSS. 2 years experience.",Java Developer,36.0
"Looking for jobs. Skills: AWS, Docker, Linux. 4 years experience.",Mobile Developer,16.0
"Python Developer with 8 years experience in Python, SQL, Django, Flask, ruby, jenkins.",Python Developer,90.0
"Frontend Developer with 9 years experience in HTML, React, CSS, JavaScript, s3, lambda.",Frontend Developer,89.0
"Python Developer with 4 years experience in SQL, Flask, REST API, Python, azure, oracle.",Python Developer,91.0
"QA Engineer with 7 years experience in JMeter, Java, Selenium, Testing, communication, data science.",QA Engineer,93.0
"Frontend Developer with 2 years experience in JavaScript, CSS, Redux, HTML, vue, bert.",Frontend Developer,91.0
"Python Developer with 10 years experience in SQL, REST API, Flask, Django, grafana, google cloud.",Python Developer,97.0
"DevOps Engineer with 5 years experience in AWS, Linux, Docker, CI/CD, aws, data science.",DevOps Engineer,93.0
"Looking for jobs. Skills: Java, JMeter, Automation. 5 years experience.",Mobile Developer,11.0
"Java Developer with 6 years experience in Hibernate, Spring Boot, Java, fastapi, communication.",Java Developer,97.5
"QA Engineer with 5 years experience in Testing, Selenium, Automation, Java, canva, spring boot.",QA Engineer,93.0
"Mobile Developer with 7 years experience in Firebase, Flutter, Mobile, swift, ui/ux.",Mobile Developer,96.5
"Looking for jobs. Skills: Docker, AWS, Kubernetes. 7 years experience.",Python Developer,39.0
"Mobile Developer with 9 years experience in Firebase, Mobile, Dart, vscode, deep learning.",Mobile Developer,91.5
"Java Developer with 10 years experience in Microservices, Java, Hibernate, linux, nuxt.",Java Developer,94.5
"Java Developer with 4 years experience in Java, Spring Boot, Hibernate, bert, python.",Java Developer,91.5
"Looking for jobs. Skills: Django, Python, REST API. 7 years experience.",Data Scientist,33.0
"QA Engineer with 8 years experience in Java, Testing, JMeter, Automation, swagger, cloudformation.",QA Engineer,96.0
"QA Engineer with 9 years experience in JMeter, Automation, Testing, Selenium, c#, vue.",QA Engineer,98.0
"Frontend Developer with 10 years experience in React, Redux, CSS, JavaScript, cassandra, google cloud.",Frontend Developer,90.0
"Looking for jobs. Skills: AWS, Docker, CI/CD. 8 years experience.",Mobile Developer,10.0
"Looking for jobs. Skills: Linux, CI/CD, AWS. 3 years experience.",QA Engineer,21.0
"Looking for jobs. Skills: Selenium, Automation, Testing. 10 years experience.",Java Developer,15.0
"Frontend Developer with 3 years experience in CSS, JavaScript, HTML, Redux, swagger, keras.",Frontend Developer,92.0
"Python Developer with 3 years experience in Flask, Python, Django, REST API, graphql, webpack.",Python Developer,92.0
"Frontend Developer with 7 years experience in JavaScript, React, Redux, HTML, machine learning, testing.",Frontend Developer,92.0
"Frontend Developer with 8 years experience in CSS, React, JavaScript, HTML, html5, sql.",Frontend Developer,92.0
"Data Scientist with 7 years experience in Pandas, Python, NumPy, Machine Learning, serverless, c#.",Data Scientist,95.0
"Data Scientist with 10 years experience in NumPy, Pandas, TensorFlow, Machine Learning, aws, jira.",Data Scientist,92.0
"Mobile Developer with 0 years experience in Mobile, Firebase, Dart, data analysis, spring boot.",Mobile Developer,86.5
"Looking for jobs. Skills: Redux, CSS, React. 5 years experience.",DevOps Engineer,32.0
"Python Developer with 7 years experience in Flask, REST API, Django, Python, tailwind, neo4j.",Python Developer,93.0
"Looking for jobs. Skills: Python, SQL, Flask. 0 years experience.",QA Engineer,36.0
"DevOps Engineer with 8 years experience in Docker, Kubernetes, AWS, Linux, statistics, sqlite.",DevOps Engineer,91.0
"Looking for jobs. Skills: SQL, Django, REST API. 8 years experience.",Data Scientist,20.0
"Python Developer with 3 years experience in Django, Flask, SQL, REST API, kotlin, vue.",Python Developer,90.0
"Python Developer with 4 years experience in Flask, Python, SQL, REST API, mongodb, swagger.",Python Developer,91.0
"Frontend Developer with 10 years experience in Redux, CSS, HTML, JavaScript, pandas, django.",Frontend Developer,98.0
"Data Scientist with 1 years experience in Python, TensorFlow, Pandas, Machine Learning, postman, canva.",Data Scientist,85.0
"Java Developer with 2 years experience in Java, Hibernate, Spring Boot, cloudformation, neural networks.",Java Developer,86.5
"Looking for jobs. Skills: Kubernetes, AWS, CI/CD. 1 years experience.",Mobile Developer,35.0
"Data Scientist with 8 years experience in Machine Learning, Pandas, Python, NumPy, css, rest api.",Data Scientist,94.0
"Looking for jobs. Skills: Java, Spring Boot, Hibernate. 10 years experience.",Frontend Developer,40.0
"QA Engineer with 3 years experience in JMeter, Java, Automation, Selenium, bdd, dynamodb.",QA Engineer,88.0
"Looking for jobs. Skills: React, CSS, Redux. 3 years experience.",DevOps Engineer,31.0
"Looking for jobs. Skills: REST API, Django, Flask. 2 years experience.",Java Developer,10.0
"QA Engineer with 2 years experience in Java, Testing, Selenium, JMeter, firebase, leadership.",QA Engineer,93.0
"Python Developer with 8 years experience in Flask, Python, SQL, REST API, ios, machine learning.",Python Developer,91.0
"QA Engineer with 8 years experience in Automation, Selenium, JMeter, Testing, git, keras.",QA Engineer,90.0
"Frontend Developer with 3 years experience in HTML, Redux, CSS, React, r programming, react native.",Frontend Developer,92.0
"Data Scientist with 3 years experience in NumPy, TensorFlow, Machine Learning, Python, angular, android.",Data Scientist,89.0
"QA Engineer with 3 years experience in Testing, Java, JMeter, Automation, go, matplotlib.",QA Engineer,90.0
"DevOps Engineer with 0 years experience in CI/CD, Linux, AWS, Kubernetes, node.js, project management.",DevOps Engineer,87.0
"Looking for jobs. Skills: Docker, CI/CD, Kubernetes. 1 years experience.",Data Scientist,24.0
"Looking for jobs. Skills: TensorFlow, Machine Learning, Pandas. 9 years experience.",Frontend Developer,40.0
"Frontend Developer with 2 years experience in Redux, JavaScript, React, CSS, dart, react native.",Frontend Developer,93.0
"DevOps Engineer with 3 years experience in CI/CD, Linux, Docker, Kubernetes, tailwind, cloudformation.",DevOps Engineer,91.0
"Python Developer with 2 years experience in REST API, Python, Flask, SQL, mongodb, webpack.",Python Developer,88.0
"Looking for jobs. Skills: Testing, Java, Automation. 3 years experience.",Mobile Developer,34.0
"Looking for jobs. Skills: Java, Spring Boot, Hibernate. 6 years experience.",Mobile Developer,13.0
"Looking for jobs. Skills: CI/CD, Linux, Kubernetes. 10 years experience.",Data Scientist,15.0
"Python Developer with 3 years experience in Django, Flask, REST API, Python, jenkins, webpack.",Python Developer,89.0
"QA Engineer with 10 years experience in JMeter, Selenium, Java, Automation, linux, sql.",QA Engineer,97.0
"Data Scientist with 4 years experience in TensorFlow, Machine Learning, Pandas, NumPy, golang, react.",Data Scientist,90.0
"Frontend Developer with 10 years experience in React, HTML, CSS, JavaScript, rest api, ios.",Frontend Developer,91.0
"Data Scientist with 2 years experience in Pandas, Machine Learning, Python, NumPy, python, vim.",Data Scientist,90.0
"QA Engineer with 1 years experience in JMeter, Testing, Java, Automation, neural networks, pytest.",QA Engineer,91.0
"Mobile Developer with 10 years experience in Flutter, Firebase, Mobile, ruby, junit.",Mobile Developer,93.5
"Looking for jobs. Skills: HTML, CSS, JavaScript. 2 years experience.",Python Developer,29.0
"Frontend Developer with 7 years experience in CSS, HTML, Redux, React, tdd, tailwind.",Frontend Developer,90.0
"DevOps Engineer with 1 years experience in Docker, Linux, CI/CD, Kubernetes, ansible, scipy.",DevOps Engineer,81.0
"Looking for jobs. Skills: Flask, Python, REST API. 8 years experience.",QA Engineer,17.0
"Looking for jobs. Skills: Linux, AWS, Docker. 6 years experience.",QA Engineer,37.0
"Java Developer with 7 years experience in Microservices, Spring Boot, Hibernate, agile, laravel.",Java Developer,88.5
"Data Scientist with 10 years experience in Pandas, Machine Learning, NumPy, TensorFlow, nuxt, git.",Data Scientist,96.0
"Looking for jobs. Skills: TensorFlow, Python, Pandas. 1 years experience.",QA Engineer,30.0
"Looking for jobs. Skills: SQL, REST API, Python. 3 years experience.",Java Developer,18.0
"QA Engineer with 0 years experience in Automation, Testing, JMeter, Java, data analysis, elasticsearch.",QA Engineer,84.0
"Python Developer with 8 years experience in SQL, Flask, Django, Python, r programming, machine learning.",Python Developer,94.0
"Looking for jobs. Skills: Flutter, Firebase, Mobile. 9 years experience.",Frontend Developer,39.0
"QA Engineer with 0 years experience in Testing, Selenium, Java, Automation, cnn, selenium.",QA Engineer,80.0
"Looking for jobs. Skills: Spring Boot, Microservices, Hibernate. 4 years experience.",QA Engineer,26.0
"Looking for jobs. Skills: Hibernate, Microservices, Java. 5 years experience.",Frontend Developer,26.0
"Frontend Developer with 4 years experience in CSS, Redux, HTML, JavaScript, junit, php.",Frontend Developer,96.0
"Mobile Developer with 1 years experience in Firebase, Mobile, Flutter, gitlab, html.",Mobile Developer,83.5
"Frontend Developer with 6 years experience in React, CSS, HTML, JavaScript, google cloud, kotlin.",Frontend Developer,98.0
"Looking for jobs. Skills: SQL, REST API, Python. 4 years experience.",Java Developer,29.0
"Python Developer with 5 years experience in Flask, Python, REST API, Django, testing, ui/ux.",Python Developer,96.0
"Java Developer with 9 years experience in Microservices, Spring Boot, Hibernate, scikit-learn, cloudformation.",Java Developer,93.5
"DevOps Engineer with 7 years experience in Kubernetes, CI/CD, Docker, AWS, keras, dynamodb.",DevOps Engineer,94.0
"DevOps Engineer with 5 years experience in AWS, Docker, Linux, Kubernetes, agile, tdd.",DevOps Engineer,93.0
"Looking for jobs. Skills: Flutter, Firebase, Dart. 6 years experience.",Data Scientist,23.0
"Data Scientist with 6 years experience in TensorFlow, NumPy, Machine Learning, Python, testing, django.",Data Scientist,98.0
"DevOps Engineer with 2 years experience in Linux, AWS, Kubernetes, Docker, swagger, lambda.",DevOps Engineer,86.0
"QA Engineer with 6 years experience in Java, Automation, Testing, Selenium, azure, angular.",QA Engineer,98.0
"Data Scientist with 7 years experience in Machine Learning, Pandas, NumPy, TensorFlow, firebase, django.",Data Scientist,98.0
"Java Developer with 8 years experience in Spring Boot, Hibernate, Java, django, scipy.",Java Developer,88.5
"Mobile Developer with 8 years experience in Flutter, Mobile, Dart, angular, xamarin.",Mobile Developer,92.5
"Frontend Developer with 9 years experience in React, HTML, CSS, Redux, statistics, vscode.",Frontend Developer,98.0
"Looking for jobs. Skills: Spring Boot, Hibernate, Microservices. 10 years experience.",DevOps Engineer,31.0
"Python Developer with 5 years experience in SQL, REST API, Django, Flask, lstm, mongodb.",Python Developer,98.0
"Data Scientist with 10 years experience in NumPy, Pandas, TensorFlow, Python, machine learning, r programming.",Data Scientist,92.0
"Java Developer with 4 years experience in Spring Boot, Hibernate, Java, node.js, figma.",Java Developer,88.5
"Python Developer with 10 years experience in REST API, Python, SQL, Flask, vue, express.",Python Developer,95.0
"Looking for jobs. Skills: Spring Boot, Hibernate, Java. 5 years experience.",Data Scientist,38.0
"Python Developer with 1 years experience in SQL, Python, Flask, REST API, nuxt, jest.",Python Developer,82.0
"Mobile Developer with 9 years experience in Flutter, Dart, Mobile, ruby, vim.",Mobile Developer,97.5
"Frontend Developer with 10 years experience in CSS, Redux, JavaScript, React, scrum, tdd.",Frontend Developer,93.0
"Looking for jobs. Skills: Microservices, Spring Boot, Hibernate. 2 years experience.",Python Developer,10.0
"Mobile Developer with 9 years experience in Dart, Mobile, Firebase, sql, opencv.",Mobile Developer,94.5
"Frontend Developer with 5 years experience in CSS, JavaScript, React, HTML, spring boot, project management.",Frontend Developer,97.0
"Looking for jobs. Skills: REST API, Python, Flask. 8 years experience.",Frontend Developer,10.0
"QA Engineer with 5 years experience in Automation, JMeter, Testing, Java, golang, rnn.",QA Engineer,94.0
"Java Developer with 10 years experience in Java, Microservices, Hibernate, ruby, communication.",Java Developer,96.5
"Java Developer with 3 years experience in Spring Boot, Microservices, Hibernate, cloudformation, machine learning.",Java Developer,92.5
"Java Developer with 10 years experience in Java, Spring Boot, Microservices, asp.net, ec2.",Java Developer,93.5
"Frontend Developer with 8 years experience in CSS, HTML, JavaScript, React, xamarin, aws.",Frontend Developer,89.0
"QA Engineer with 1 years experience in Java, JMeter, Automation, Selenium, scipy, canva.",QA Engineer,89.0
"Mobile Developer with 6 years experience in Mobile, Firebase, Flutter, mongodb, prometheus.",Mobile Developer,96.5
"Looking for jobs. Skills: AWS, CI/CD, Kubernetes. 3 years experience.",Frontend Developer,34.0
"Looking for jobs. Skills: CSS, React, HTML. 5 years experience.",Java Developer,38.0
"Data Scientist with 2 years experience in Pandas, NumPy, Machine Learning, TensorFlow, terraform, graphql.",Data Scientist,83.0
"QA Engineer with 9 years experience in JMeter, Automation, Testing, Java, prometheus, terraform.",QA Engineer,96.0
"QA Engineer with 3 years experience in Testing, Java, Automation, JMeter, webpack, fastapi.",QA Engineer,90.0
"Mobile Developer with 0 years experience in Mobile, Dart, Flutter, cloudformation, manual testing.",Mobile Developer,83.5
"Java Developer with 10 years experience in Hibernate, Microservices, Spring Boot, xgboost, agile.",Java Developer,92.5
"Looking for jobs. Skills: Python, Machine Learning, Pandas. 5 years experience.",QA Engineer,32.0
"Frontend Developer with 7 years experience in JavaScript, React, Redux, HTML, xamarin, rust.",Frontend Developer,94.0
"QA Engineer with 9 years experience in Automation, Testing, Selenium, JMeter, canva, bdd.",QA Engineer,97.0
"Data Scientist with 1 years experience in Pandas, TensorFlow, Python, Machine Learning, problem solving, figma.",Data Scientist,88.0
"Python Developer with 4 years experience in Flask, REST API, SQL, Django, testing, graphql.",Python Developer,88.0
"Looking for jobs. Skills: Java, Automation, JMeter. 4 years experience.",Python Developer,18.0
"QA Engineer with 2 years experience in Selenium, JMeter, Automation, Java, gitlab, neural networks.",QA Engineer,90.0
"Mobile Developer with 9 years experience in Firebase, Flutter, Mobile, gitlab, javascript.",Mobile Developer,91.5
"Looking for jobs. Skills: Dart, Firebase, Flutter. 0 years experience.",Java Developer,15.0
"DevOps Engineer with 4 years experience in Kubernetes, AWS, Linux, CI/CD, babel, graphql.",DevOps Engineer,94.0
"Looking for jobs. Skills: NumPy, Pandas, Machine Learning. 7 years experience.",Java Developer,34.0
"QA Engineer with 6 years experience in Java, Selenium, JMeter, Automation, php, vim.",QA Engineer,96.0
"Java Developer with 10 years experience in Microservices, Spring Boot, Java, react native, computer vision.",Java Developer,87.5
"Looking for jobs. Skills: Firebase, Mobile, Dart. 0 years experience.",Data Scientist,24.0
"Mobile Developer with 10 years experience in Firebase, Flutter, Dart, php, node.js.",Mobile Developer,90.5
"Mobile Developer with 2 years experience in Flutter, Mobile, Firebase, html5, jenkins.",Mobile Developer,83.5
"Frontend Developer with 7 years experience in CSS, JavaScript, HTML, Redux, php, bash.",Frontend Developer,98.0
"Frontend Developer with 1 years experience in JavaScript, HTML, React, Redux, go, html.",Frontend Developer,87.0
"Java Developer with 7 years experience in Hibernate, Spring Boot, Microservices, javascript, nuxt.",Java Developer,93.5
"Frontend Developer with 5 years experience in React, JavaScript, HTML, Redux, junit, ui/ux.",Frontend Developer,98.0
"Data Scientist with 1 years experience in NumPy, Machine Learning, TensorFlow, Python, microservices, data science.",Data Scientist,83.0
"Python Developer with 5 years experience in REST API, SQL, Flask, Django, scipy, ec2.",Python Developer,93.0
"Looking for jobs. Skills: AWS, Docker, Kubernetes. 6 years experience.",Data Scientist,16.0
"Frontend Developer with 3 years experience in JavaScript, HTML, Redux, React, leadership, ionic.",Frontend Developer,87.0
"QA Engineer with 0 years experience in Java, Selenium, JMeter, Automation, kotlin, redux.",QA Engineer,86.0
"Java Developer with 3 years experience in Hibernate, Spring Boot, Microservices, github actions, rest api.",Java Developer,83.5
"Data Scientist with 9 years experience in Python, Machine Learning, Pandas, NumPy, react, github actions.",Data Scientist,92.0
"Mobile Developer with 2 years experience in Dart, Flutter, Mobile, lambda, nlp.",Mobile Developer,91.5
"QA Engineer with 2 years experience in Automation, Testing, Selenium, Java, r programming, cypress.",QA Engineer,86.0
"Looking for jobs. Skills: Flutter, Dart, Firebase. 4 years experience.",Python Developer,22.0
"Looking for jobs. Skills: Hibernate, Java, Microservices. 10 years experience.",QA Engineer,36.0
"Data Scientist with 6 years experience in NumPy, Pandas, TensorFlow, Python, leadership, css.",Data Scientist,92.0
"Java Developer with 3 years experience in Hibernate, Java, Microservices, prometheus, lambda.",Java Developer,92.5
"DevOps Engineer with 2 years experience in CI/CD, AWS, Docker, Linux, css, keras.",DevOps Engineer,90.0
"Python Developer with 10 years experience in Flask, Django, Python, SQL, webpack, graphql.",Python Developer,92.0
"Frontend Developer with 7 years experience in JavaScript, Redux, CSS, HTML, swagger, typescript.",Frontend Developer,95.0
"Python Developer with 4 years experience in Flask, Python, SQL, Django, sql, laravel.",Python Developer,96.0
"Mobile Developer with 6 years experience in Firebase, Flutter, Mobile, ionic, serverless.",Mobile Developer,95.5
"Python Developer with 1 years experience in Python, Flask, REST API, SQL, communication, spring boot.",Python Developer,83.0
"Looking for jobs. Skills: Redux, CSS, JavaScript. 6 years experience.",Python Developer,14.0
"Looking for jobs. Skills: React, JavaScript, HTML. 10 years experience.",DevOps Engineer,17.0
"Looking for jobs. Skills: JavaScript, Redux, CSS. 4 years experience.",Python Developer,12.0
"QA Engineer with 3 years experience in JMeter, Testing, Automation, Java, go, node.js.",QA Engineer,87.0
"DevOps Engineer with 3 years experience in Linux, AWS, Docker, CI/CD, dart, swagger.",DevOps Engineer,92.0
"DevOps Engineer with 10 years experience in Linux, CI/CD, Docker, Kubernetes, typescript, java.",DevOps Engineer,98.0
"Mobile Developer with 2 years experience in Flutter, Firebase, Dart, ios, jenkins.",Mobile Developer,89.5
"Mobile Developer with 7 years experience in Firebase, Dart, Mobile, firebase, ios.",Mobile Developer,88.5
"Frontend Developer with 10 years experience in JavaScript, CSS, Redux, React, laravel, azure.",Frontend Developer,94.0
"DevOps Engineer with 2 years experience in CI/CD, Kubernetes, Linux, Docker, deep learning, data analysis.",DevOps Engineer,93.0
"DevOps Engineer with 6 years experience in Linux, AWS, Kubernetes, Docker, vscode, tailwind.",DevOps Engineer,93.0
"Looking for jobs. Skills: SQL, Django, Python. 4 years experience.",Data Scientist,15.0
"QA Engineer with 1 years experience in Testing, Java, Automation, Selenium, mysql, mongodb.",QA Engineer,87.0
"DevOps Engineer with 3 years experience in Kubernetes, CI/CD, Linux, Docker, ui/ux, natural language processing.",DevOps Engineer,85.0
"Java Developer with 4 years experience in Spring Boot, Hibernate, Microservices, angular, postman.",Java Developer,86.5
"Java Developer with 5 years experience in Spring Boot, Java, Hibernate, tailwind, pytorch.",Java Developer,93.5
"Looking for jobs. Skills: Flask, Python, SQL. 4 years experience.",Mobile Developer,28.0
"Looking for jobs. Skills: Linux, Kubernetes, CI/CD. 10 years experience.",Mobile Developer,40.0
"Looking for jobs. Skills: Flutter, Mobile, Dart. 10 years experience.",DevOps Engineer,34.0
"Python Developer with 2 years experience in SQL, REST API, Django, Python, statistics, mongodb.",Python Developer,93.0
"QA Engineer with 1 years experience in Selenium, Automation, Java, JMeter, typescript, natural language processing.",QA Engineer,90.0
"Python Developer with 9 years experience in SQL, Python, Flask, Django, next.js, numpy.",Python Developer,95.0
"Looking for jobs. Skills: Machine Learning, TensorFlow, NumPy. 0 years experience.",Python Developer,28.0
"Looking for jobs. Skills: Testing, Automation, JMeter. 4 years experience.",Python Developer,19.0
"Looking for jobs. Skills: Automation, Selenium, Testing. 10 years experience.",Data Scientist,26.0
"Looking for jobs. Skills: NumPy, TensorFlow, Python. 2 years experience.",Frontend Developer,11.0
"QA Engineer with 3 years experience in Testing, Automation, Selenium, Java, numpy, figma.",QA Engineer,85.0
"DevOps Engineer with 8 years experience in Linux, Kubernetes, CI/CD, AWS, leadership, oracle.",DevOps Engineer,92.0
"QA Engineer with 7 years experience in Java, Automation, Selenium, Testing, lambda, matplotlib.",QA Engineer,98.0
"DevOps Engineer with 1 years experience in Kubernetes, Linux, AWS, CI/CD, pytorch, cassandra.",DevOps Engineer,88.0
"Data Scientist with 1 years experience in TensorFlow, Machine Learning, Python, Pandas, redux, cassandra.",Data Scientist,82.0
"Looking for jobs. Skills: REST API, Django, Flask. 9 years experience.",Mobile Developer,25.0
"Mobile Developer with 3 years experience in Dart, Firebase, Flutter, bert, rnn.",Mobile Developer,93.5
"QA Engineer with 5 years experience in Testing, Automation, Java, JMeter, css, pytorch.",QA Engineer,92.0
"Python Developer with 8 years experience in REST API, SQL, Flask, Python, scipy, cypress.",Python Developer,98.0
"DevOps Engineer with 4 years experience in Linux, AWS, CI/CD, Docker, html5, c++.",DevOps Engineer,90.0
"Looking for jobs. Skills: Machine Learning, TensorFlow, Python. 3 years experience.",Mobile Developer,29.0
"Java Developer with 4 years experience in Hibernate, Microservices, Java, golang, photoshop.",Java Developer,94.5
"Looking for jobs. Skills: Linux, AWS, Docker. 6 years experience.",Frontend Developer,22.0
"DevOps Engineer with 7 years experience in Kubernetes, Linux, Docker, AWS, jira, scipy.",DevOps Engineer,96.0
"Looking for jobs. Skills: Java, Spring Boot, Microservices. 1 years experience.",Data Scientist,34.0
"Looking for jobs. Skills: HTML, React, JavaScript. 5 years experience.",DevOps Engineer,14.0
"Frontend Developer with 8 years experience in Redux, JavaScript, React, HTML, pytest, numpy.",Frontend Developer,96.0
"Looking for jobs. Skills: Dart, Mobile, Firebase. 2 years experience.",QA Engineer,18.0
"Java Developer with 3 years experience in Spring Boot, Java, Hibernate, fastapi, dynamodb.",Java Developer,91.5
"Data Scientist with 5 years experience in Python, Pandas, TensorFlow, NumPy, c++, bert.",Data Scientist,91.0
"Java Developer with 2 years experience in Hibernate, Microservices, Spring Boot, neural networks, postgresql.",Java Developer,82.5
"Java Developer with 6 years experience in Microservices, Spring Boot, Java, manual testing, s3.",Java Developer,90.5
"Mobile Developer with 5 years experience in Mobile, Firebase, Flutter, lambda, bdd.",Mobile Developer,88.5
"Mobile Developer with 3 years experience in Firebase, Dart, Flutter, docker, agile.",Mobile Developer,86.5
"Looking for jobs. Skills: Microservices, Java, Hibernate. 7 years experience.",Mobile Developer,21.0
"Looking for jobs. Skills: Redux, HTML, JavaScript. 5 years experience.",Java Developer,23.0
"Mobile Developer with 3 years experience in Firebase, Dart, Flutter, flutter, c#.",Mobile Developer,86.5
"Frontend Developer with 2 years experience in CSS, JavaScript, Redux, HTML, llm, ionic.",Frontend Developer,91.0
"Data Scientist with 5 years experience in Python, NumPy, TensorFlow, Pandas, asp.net, swift.",Data Scientist,96.0
"DevOps Engineer with 1 years experience in Docker, Linux, AWS, CI/CD, ionic, pytest.",DevOps Engineer,90.0
"Python Developer with 6 years experience in REST API, SQL, Django, Python, github actions, postgresql.",Python Developer,93.0
"Looking for jobs. Skills: Dart, Flutter, Firebase. 7 years experience.",Frontend Developer,29.0
